time[s],stress[Pa]
1,0
2,1179278.297
3,1862688.048
4,2349679.046
5,2732773.526
6,3051864.038
7,3326787.232
8,3569229.032
9,3786026.543
10,3981777.276
11,4160106.076
12,4323861.747
13,4475378.17
14,4616522.418
15,4748505.222
16,4872293.099
17,4988961.251
18,5098967.144
19,5202929.98
20,5301559.221
21,5394790.123
22,5483593.292
23,5567942.486
24,5648294.096
25,5725010.042
26,5798319.309
27,5868479.061
28,5935710.282
29,6000184.343
30,6062055.389
31,6121495.029
32,6178669.066
33,6233644.219
34,6286478.628
35,6337335.603
36,6386408.526
37,6433667.149
38,6479148.811
39,6522975.746
40,6565327.868
41,6606183.17
42,6645591.815
43,6683631.134
44,6720409.922
45,6755951.348
46,6790307.412
47,6823530.077
48,6855673.596
49,6886777.662
50,6916882.936
51,6946031.2
52,6974268.97
53,7001622.795
54,7028122.54
55,7053794.763
56,7078662.723
57,7102757.92
58,7126152.149
59,7148835.516
60,7170828.251
61,7192148.162
62,7212810.629
63,7232834.347
64,7252299.425
65,7271184.496
66,7289506.221
67,7307279.855
68,7324519.25
69,7341236.853
70,7357488.363
71,7373265.526
72,7388582.513
73,7403453.146
74,7417890.445
75,7431906.625
76,7445528.039
77,7458761.859
78,7471618.773
79,7484110.466
80,7496248.05
81,7508042.066
82,7519511.563
83,7530664.621
84,7541508.802
85,7552053.265
86,7562306.615
87,7572276.903
88,7581971.623
89,7591397.715
90,7600561.565
91,7609481.194
92,7618173.287
93,7626631.815
94,7634862.96
95,7642872.468
96,7650665.649
97,7658247.374
98,7665622.081
99,7672793.766
100,7679769.65
101,7686585.102
102,7693221.801
103,7699684.42
104,7705977.348
105,7712104.693
106,7718070.281
107,7723877.658
108,7729530.085
109,7735030.545
110,7740410.522
111,7745663.381
112,7750786.591
113,7755783.901
114,7760658.816
115,7765414.584
116,7770054.195
117,7774580.363
118,7778995.527
119,7783301.835
120,7787501.139
121,7791594.985
122,7795584.606
123,7799470.911
124,7803254.48
125,7806963.689
126,7810621.438
127,7814197.29
128,7817693.196
129,7821110.911
130,7824451.989
131,7827717.777
132,7830909.411
133,7834027.812
134,7837073.681
135,7840047.492
136,7842949.487
137,7845779.675
138,7848537.822
139,7851223.45
140,7853840.5
141,7856455.27
142,7859015.267
143,7861521.735
144,7863975.842
145,7866378.677
146,7868731.257
147,7871034.523
148,7873289.343
149,7875496.51
150,7877656.747
151,7879770.704
152,7881838.96
153,7883862.025
154,7885840.339
155,7887774.274
156,7889682.799
157,7891561.205
158,7893404.026
159,7895212.402
160,7896987.482
161,7898730.42
162,7900442.385
163,7902124.563
164,7903778.154
165,7905404.383
166,7907004.497
167,7908579.772
168,7910131.512
169,7911661.053
170,7913169.769
171,7914653.376
172,7916105.577
173,7917536.336
174,7918946.548
175,7920337.11
176,7921708.927
177,7923062.91
178,7924399.98
179,7925721.068
180,7927027.117
181,7928319.084
182,7929597.94
183,7930864.674
184,7932120.291
185,7933365.818
186,7934602.3
187,7935811.885
188,7937009.356
189,7938195.216
190,7939369.874
191,7940533.716
192,7941687.108
193,7942830.393
194,7943963.892
195,7945087.904
196,7946202.707
197,7947308.557
198,7948405.687
199,7949494.311
200,7950574.618
201,7951646.777
202,7952711.493
203,7953768.847
204,7954818.699
205,7955861.165
206,7956896.343
207,7957924.31
208,7958945.127
209,7959958.831
210,7960965.445
211,7961964.971
212,7962957.392
213,7963942.672
214,7964920.758
215,7965891.577
216,7966855.039
217,7967812.928
218,7968769.33
219,7969720.09
220,7970665.322
221,7971605.137
222,7972539.651
223,7973468.981
224,7974393.249
225,7975312.58
226,7976227.103
227,7977136.955
228,7978042.275
229,7978943.213
230,7979839.923
231,7980732.57
232,7981621.324
233,7982505.297
234,7983385.354
235,7984261.737
236,7985134.614
237,7986004.164
238,7986870.572
239,7987734.036
240,7988594.764
241,7989452.975
242,7990308.901
243,7991162.784
244,7992014.883
245,7992865.466
246,7993714.819
247,7994563.239
248,7995403.729
249,7996235.937
250,7997065.015
251,7997891.053
252,7998714.154
253,7999534.434
254,8000352.022
255,8001167.064
256,8001979.721
257,8002790.171
258,8003598.609
259,8004405.251
260,8005210.331
261,8006014.104
262,8006816.849
263,8007618.864
264,8008420.474
265,8009222.026
266,8010023.895
267,8010826.481
268,8011630.212
269,8012435.544
270,8013242.964
271,8014052.987
272,8014866.161
273,8015683.066
274,8016496.845
275,8017277.501
276,8018056.41
277,8018833.701
278,8019609.518
279,8020384.02
280,8021157.381
281,8021929.794
282,8022701.467
283,8023472.626
284,8024243.519
285,8025014.409
286,8025785.581
287,8026557.343
288,8027330.021
289,8028103.965
290,8028879.548
291,8029657.167
292,8030437.242
293,8031220.218
294,8032006.568
295,8032796.79
296,8033591.408
297,8034390.976
298,8035196.075
299,8036007.316
300,8036825.34
301,8037609.738
302,8038384.475
303,8039159.277
304,8039934.24
305,8040709.461
306,8041485.045
307,8042261.103
308,8043037.752
309,8043815.117
310,8044593.328
311,8045372.524
312,8046152.85
313,8046934.46
314,8047717.514
315,8048502.182
316,8049288.64
317,8050077.075
318,8050867.681
319,8051660.661
320,8052456.229
321,8053254.605
322,8054056.023
323,8054860.722
324,8055668.955
325,8056480.983
326,8057297.079
327,8058107.209
328,8058904.605
329,8059702.706
330,8060501.501
331,8061300.974
332,8062101.112
333,8062901.894
334,8063703.302
335,8064505.314
336,8065307.903
337,8066111.044
338,8066914.707
339,8067718.862
340,8068523.474
341,8069328.507
342,8070133.923
343,8070939.682
344,8071745.74
345,8072552.051
346,8073358.568
347,8074165.239
348,8074972.013
349,8075778.833
350,8076585.641
351,8077392.377
352,8078198.977
353,8079005.456
354,8079814.307
355,8080623.244
356,8081432.229
357,8082241.219
358,8083050.172
359,8083859.044
360,8084667.788
361,8085476.357
362,8086284.704
363,8087092.78
364,8087900.532
365,8088707.91
366,8089514.86
367,8090321.326
368,8091127.254
369,8091932.585
370,8092737.262
371,8093541.223
372,8094344.409
373,8095146.756
374,8095948.201
375,8096748.678
376,8097548.122
377,8098346.465
378,8099143.637
379,8099939.568
380,8100746.089
381,8101559.295
382,8102373.091
383,8103187.465
384,8104002.403
385,8104817.89
386,8105633.906
387,8106450.433
388,8107267.449
389,8108084.931
390,8108902.852
391,8109721.187
392,8110539.905
393,8111358.975
394,8112178.366
395,8112998.041
396,8113817.964
397,8114638.097
398,8115458.399
399,8116278.828
400,8117099.339
401,8117919.886
402,8118740.421
403,8119560.895
404,8120381.254
405,8121201.447
406,8122021.416
407,8122841.105
408,8123660.454
409,8124479.402
410,8125297.885
411,8126115.838
412,8126933.196
413,8127749.888
414,8128565.843
415,8129380.99
416,8130195.254
417,8131008.558
418,8131820.825
419,8132631.973
420,8133441.92
421,8134250.584
422,8135057.877
423,8135863.713
424,8136668.001
425,8137470.649
426,8138271.566
427,8139070.654
428,8139867.817
429,8140662.957
430,8141455.971
431,8142246.757
432,8143035.21
433,8143821.223
434,8144604.689
435,8145385.496
436,8146163.532
437,8146958.293
438,8147761.393
439,8148564.083
440,8149366.361
441,8150168.224
442,8150969.669
443,8151770.695
444,8152571.301
445,8153371.484
446,8154171.245
447,8154970.581
448,8155769.494
449,8156567.982
450,8157366.046
451,8158163.686
452,8158960.904
453,8159757.701
454,8160554.077
455,8161350.035
456,8162145.577
457,8162940.705
458,8163735.422
459,8164529.73
460,8165323.634
461,8166117.136
462,8166910.241
463,8167702.952
464,8168495.274
465,8169287.213
466,8170078.773
467,8170869.959
468,8171660.778
469,8172451.234
470,8173241.336
471,8174031.089
472,8174820.5
473,8175609.576
474,8176398.325
475,8177188.938
476,8177980.093
477,8178771.224
478,8179562.353
479,8180353.5
480,8181144.687
481,8181935.935
482,8182727.268
483,8183518.708
484,8184310.278
485,8185102.003
486,8185893.906
487,8186686.014
488,8187478.35
489,8188270.943
490,8189063.817
491,8189857
492,8190650.519
493,8191444.403
494,8192238.679
495,8193033.378
496,8193828.528
497,8194624.159
498,8195420.303
499,8196216.989
500,8197014.25
501,8197812.118
502,8198610.626
503,8199409.805
504,8200209.691
505,8201010.317
506,8201811.717
507,8202613.927
508,8203416.983
509,8204220.92
510,8205025.775
511,8205831.586
512,8206638.389
513,8207439.625
514,8208240.345
515,8209041.421
516,8209842.86
517,8210644.672
518,8211446.864
519,8212249.445
520,8213052.423
521,8213855.807
522,8214659.604
523,8215463.822
524,8216268.471
525,8217073.558
526,8217879.091
527,8218685.078
528,8219491.528
529,8220298.449
530,8221105.848
531,8221913.734
532,8222722.115
533,8223530.998
534,8224340.392
535,8225150.305
536,8225960.744
537,8226771.717
538,8227583.233
539,8228395.299
540,8229207.923
541,8230021.113
542,8230834.877
543,8231649.222
544,8232464.156
545,8233279.687
546,8234095.823
547,8234912.571
548,8235729.939
549,8236547.935
550,8237366.566
551,8238182.756
552,8238999.228
553,8239816.042
554,8240633.191
555,8241450.671
556,8242268.476
557,8243086.598
558,8243905.031
559,8244723.769
560,8245542.805
561,8246362.131
562,8247181.74
563,8248001.624
564,8248821.775
565,8249642.184
566,8250462.844
567,8251283.746
568,8252104.88
569,8252926.237
570,8253747.808
571,8254569.584
572,8255391.554
573,8256213.708
574,8257036.035
575,8257858.526
576,8258681.168
577,8259503.952
578,8260326.865
579,8261149.896
580,8261973.032
581,8262796.263
582,8263619.575
583,8264442.956
584,8265266.393
585,8266089.873
586,8266913.382
587,8267736.908
588,8268560.456
589,8269384.31
590,8270208.277
591,8271032.356
592,8271856.545
593,8272680.845
594,8273505.256
595,8274329.776
596,8275154.406
597,8275979.146
598,8276803.996
599,8277628.958
600,8278454.031
601,8279279.51
602,8280105.147
603,8280930.783
604,8281757.232
605,8282586.488
606,8283415.744
607,8284245
608,8285074.256
609,8285903.512
610,8286732.769
611,8287562.025
612,8288391.281
613,8289220.537
614,8290049.793
615,8290879.049
616,8291708.305
617,8292537.562
618,8293366.818
619,8294196.074
620,8295025.33
621,8295854.586
622,8296683.842
623,8297513.098
624,8298342.355
625,8299171.611
626,8300000.867
627,8300830.123
628,8301659.379
629,8302488.635
630,8303317.891
631,8304147.148
632,8304976.404
633,8305805.66
634,8306634.916
635,8307464.172
636,8308293.428
637,8309122.684
638,8309951.941
639,8310786.156
640,8311621.009
641,8312455.966
642,8313291.026
643,8314126.19
644,8314961.458
645,8315796.83
646,8316632.305
647,8317467.884
648,8318303.567
649,8319139.353
650,8319975.243
651,8320811.237
652,8321647.334
653,8322483.536
654,8323319.84
655,8324156.249
656,8324992.761
657,8325829.377
658,8326666.097
659,8327502.92
660,8328339.847
661,8329176.878
662,8330014.012
663,8330851.25
664,8331688.592
665,8332526.037
666,8333363.587
667,8334201.239
668,8335038.996
669,8335876.856
670,8336714.82
671,8337552.888
672,8338391.059
673,8339229.334
674,8340067.713
675,8340906.195
676,8341744.781
677,8342583.471
678,8343422.265
679,8344261.162
680,8345100.163
681,8345939.267
682,8346778.475
683,8347617.787
684,8348457.203
685,8349296.722
686,8350136.345
687,8350976.072
688,8351815.903
689,8352655.837
690,8353495.874
691,8354336.016
692,8355176.261
693,8356016.61
694,8356857.063
695,8357697.619
696,8358538.279
697,8359379.042
698,8360219.91
699,8361060.881
700,8361901.956
701,8362743.134
702,8363584.416
703,8364425.802
704,8365267.291
705,8366108.885
706,8366950.582
707,8367792.382
708,8368634.286
709,8369476.294
710,8370318.406
711,8371160.621
712,8372002.94
713,8372845.363
714,8373687.89
715,8374530.52
716,8375373.254
717,8376216.091
718,8377059.032
719,8377902.077
720,8378745.226
721,8379588.478
722,8380431.834
723,8381275.294
724,8382118.857
725,8382962.524
726,8383806.295
727,8384650.169
728,8385494.148
729,8386338.229
730,8387182.415
731,8388026.704
732,8388871.097
733,8389715.594
734,8390560.194
735,8391404.898
736,8392249.706
737,8393094.617
738,8393939.632
739,8394784.751
740,8395629.974
741,8396475.3
742,8397320.73
743,8398166.263
744,8399014.304
745,8399863.289
746,8400712.439
747,8401561.752
748,8402411.229
749,8403260.87
750,8404110.676
751,8404960.645
752,8405810.778
753,8406661.075
754,8407511.536
755,8408362.161
756,8409212.95
757,8410063.903
758,8410915.02
759,8411766.301
760,8412617.745
761,8413469.354
762,8414321.127
763,8415173.064
764,8416025.164
765,8416877.429
766,8417729.858
767,8418582.45
768,8419435.207
769,8420288.127
770,8421141.212
771,8421994.46
772,8422847.873
773,8423701.449
774,8424555.19
775,8425409.094
776,8426263.162
777,8427117.395
778,8427971.791
779,8428826.351
780,8429681.075
781,8430535.963
782,8431391.015
783,8432246.232
784,8433101.612
785,8433957.156
786,8434812.864
787,8435668.736
788,8436524.771
789,8437380.971
790,8438237.335
791,8439093.863
792,8439950.555
793,8440807.411
794,8441664.43
795,8442521.614
796,8443378.962
797,8444236.473
798,8445094.149
799,8445951.988
800,8446809.992
801,8447668.159
802,8448526.491
803,8449384.986
804,8450243.646
805,8451102.469
806,8451961.456
807,8452820.608
808,8453679.923
809,8454539.402
810,8455399.045
811,8456258.852
812,8457118.824
813,8457978.959
814,8458839.258
815,8459699.721
816,8460560.348
817,8461421.139
818,8462282.094
819,8463143.213
820,8464004.495
821,8464865.942
822,8465727.553
823,8466589.328
824,8467451.267
825,8468313.369
826,8469175.636
827,8470038.067
828,8470900.661
829,8471763.42
830,8472626.342
831,8473489.429
832,8474352.679
833,8475216.094
834,8476079.672
835,8476943.415
836,8477807.321
837,8478671.391
838,8479535.625
839,8480400.024
840,8481264.586
841,8482129.312
842,8482994.202
843,8483859.256
844,8484724.474
845,8485589.857
846,8486455.403
847,8487321.113
848,8488186.986
849,8489053.516
850,8489920.543
851,8490787.75
852,8491655.136
853,8492522.702
854,8493390.447
855,8494258.371
856,8495126.475
857,8495994.757
858,8496863.22
859,8497731.861
860,8498600.682
861,8499469.683
862,8500338.862
863,8501208.221
864,8502077.76
865,8502947.477
866,8503817.374
867,8504687.451
868,8505557.706
869,8506428.142
870,8507298.756
871,8508169.55
872,8509040.523
873,8509911.675
874,8510783.007
875,8511654.518
876,8512526.209
877,8513398.079
878,8514270.128
879,8515142.356
880,8516014.764
881,8516887.352
882,8517760.118
883,8518633.064
884,8519506.189
885,8520379.494
886,8521252.978
887,8522126.641
888,8523000.484
889,8523874.506
890,8524748.708
891,8525623.088
892,8526497.648
893,8527372.388
894,8528247.307
895,8529122.405
896,8529997.682
897,8530873.139
898,8531748.775
899,8532624.591
900,8533500.585
901,8534376.76
902,8535253.113
903,8536129.646
904,8537006.358
905,8537883.25
906,8538760.321
907,8539637.571
908,8540515.001
909,8541392.61
910,8542270.398
911,8543148.366
912,8544026.513
913,8544904.839
914,8545783.345
915,8546662.03
916,8547540.894
917,8548419.938
918,8549299.161
919,8550178.564
920,8551058.146
921,8551937.907
922,8552817.847
923,8553697.967
924,8554578.266
925,8555458.745
926,8556339.403
927,8557220.24
928,8558101.256
929,8558982.452
930,8559863.828
931,8560745.382
932,8561627.116
933,8562509.03
934,8563391.122
935,8564273.394
936,8565155.846
937,8566038.476
938,8566921.286
939,8567804.276
940,8568687.445
941,8569570.793
942,8570454.32
943,8571338.027
944,8572221.913
945,8573105.979
946,8573990.223
947,8574874.648
948,8575759.251
949,8576644.034
950,8577528.996
951,8578414.138
952,8579299.459
953,8580184.959
954,8581070.829
955,8581957.11
956,8582843.574
957,8583730.224
958,8584617.057
959,8585504.074
960,8586391.276
961,8587278.662
962,8588166.232
963,8589053.987
964,8589941.926
965,8590830.049
966,8591718.356
967,8592606.847
968,8593495.523
969,8594384.383
970,8595273.427
971,8596162.656
972,8597052.068
973,8597941.665
974,8598831.447
975,8599721.412
976,8600611.562
977,8601501.896
978,8602392.414
979,8603283.116
980,8604174.003
981,8605065.074
982,8605956.329
983,8606847.769
984,8607739.392
985,8608631.2
986,8609523.192
987,8610415.369
988,8611307.729
989,8612200.274
990,8613093.004
991,8613985.917
992,8614879.015
993,8615772.296
994,8616665.763
995,8617559.413
996,8618453.248
997,8619347.266
998,8620241.47
999,8621135.857
1000,8622030.429
1001,8622925.184
1002,8623820.125
1003,8624715.249
1004,8625610.557
1005,8626506.05
1006,8627401.727
1007,8628297.589
1008,8629193.634
1009,8630089.864
1010,8630986.278
1011,8631882.877
1012,8632779.659
1013,8633676.626
1014,8634573.777
1015,8635471.112
1016,8636368.632
1017,8637266.336
1018,8638164.224
1019,8639062.296
1020,8639960.553
1021,8640858.993
1022,8641757.618
1023,8642656.428
1024,8643555.421
1025,8644454.599
1026,8645353.961
1027,8646253.507
1028,8647153.238
1029,8648053.152
1030,8648953.251
1031,8649853.535
1032,8650754.002
1033,8651654.654
1034,8652555.49
1035,8653456.51
1036,8654357.715
1037,8655259.103
1038,8656160.676
1039,8657062.433
1040,8657964.375
1041,8658866.501
1042,8659768.811
1043,8660671.305
1044,8661573.983
1045,8662476.846
1046,8663379.893
1047,8664283.124
1048,8665186.539
1049,8666090.139
1050,8666993.923
1051,8667897.891
1052,8668802.044
1053,8669706.38
1054,8670610.901
1055,8671515.606
1056,8672420.496
1057,8673325.569
1058,8674230.827
1059,8675136.269
1060,8676041.896
1061,8676947.706
1062,8677853.701
1063,8678759.88
1064,8679666.244
1065,8680572.791
1066,8681479.523
1067,8682386.439
1068,8683293.54
1069,8684200.824
1070,8685108.293
1071,8686015.946
1072,8686923.784
1073,8687831.805
1074,8688740.011
1075,8689648.401
1076,8690556.975
1077,8691465.734
1078,8692374.677
1079,8693283.804
1080,8694193.115
1081,8695102.611
1082,8696012.29
1083,8696922.154
1084,8697832.203
1085,8698742.435
1086,8699652.852
1087,8700563.453
1088,8701474.238
1089,8702385.208
1090,8703296.362
1091,8704207.7
1092,8705119.222
1093,8706030.928
1094,8706942.819
1095,8707854.894
1096,8708767.153
1097,8709679.597
1098,8710592.225
1099,8711505.037
1100,8712418.033
1101,8713331.213
1102,8714244.578
1103,8715158.127
1104,8716071.86
1105,8716985.778
1106,8717899.879
1107,8718814.165
1108,8719728.636
1109,8720643.29
1110,8721558.129
1111,8722473.152
1112,8723388.359
1113,8724303.75
1114,8725219.326
1115,8726135.086
1116,8727051.03
1117,8727967.158
1118,8728883.471
1119,8729799.968
1120,8730716.649
1121,8731633.514
1122,8732550.564
1123,8733467.798
1124,8734385.309
1125,8735303.288
1126,8736221.462
1127,8737139.83
1128,8738058.391
1129,8738977.147
1130,8739896.097
1131,8740815.241
1132,8741734.579
1133,8742654.111
1134,8743573.837
1135,8744493.757
1136,8745413.871
1137,8746334.179
1138,8747254.682
1139,8748175.378
1140,8749096.269
1141,8750017.353
1142,8750938.632
1143,8751860.105
1144,8752781.771
1145,8753703.632
1146,8754625.687
1147,8755547.936
1148,8756470.379
1149,8757393.016
1150,8758315.848
1151,8759238.873
1152,8760162.092
1153,8761085.506
1154,8762009.113
1155,8762932.915
1156,8763856.911
1157,8764781.1
1158,8765705.484
1159,8766630.062
1160,8767554.834
1161,8768479.8
1162,8769404.96
1163,8770330.314
1164,8771255.862
1165,8772181.605
1166,8773107.541
1167,8774033.672
1168,8774959.996
1169,8775886.515
1170,8776813.227
1171,8777740.134
1172,8778667.235
1173,8779594.53
1174,8780522.019
1175,8781449.702
1176,8782377.579
1177,8783305.65
1178,8784233.915
1179,8785162.374
1180,8786091.028
1181,8787019.875
1182,8787948.917
1183,8788878.152
1184,8789807.582
1185,8790737.206
1186,8791667.024
1187,8792597.035
1188,8793527.241
1189,8794457.641
1190,8795388.236
1191,8796319.024
1192,8797250.006
1193,8798181.182
1194,8799112.553
1195,8800044.117
1196,8800975.876
1197,8801907.828
1198,8802839.975
1199,8803772.316
1200,8804705.221
1201,8805638.336
1202,8806571.451
1203,8807505.617
1204,8808443.417
1205,8809381.217
1206,8810319.017
1207,8811256.816
1208,8812194.616
1209,8813132.416
1210,8814070.216
1211,8815008.015
1212,8815945.815
1213,8816883.615
1214,8817821.415
1215,8818759.215
1216,8819697.014
1217,8820634.814
1218,8821572.614
1219,8822510.414
1220,8823448.213
1221,8824386.013
1222,8825323.813
1223,8826261.613
1224,8827199.413
1225,8828137.212
1226,8829075.012
1227,8830012.812
1228,8830950.612
1229,8831888.411
1230,8832826.211
1231,8833764.011
1232,8834701.811
1233,8835639.611
1234,8836577.41
1235,8837515.21
1236,8838453.01
1237,8839390.81
1238,8840334.122
1239,8841278.156
1240,8842222.319
1241,8843166.611
1242,8844111.033
1243,8845055.583
1244,8846000.262
1245,8846945.07
1246,8847890.007
1247,8848835.073
1248,8849780.268
1249,8850725.592
1250,8851671.045
1251,8852616.627
1252,8853562.338
1253,8854508.178
1254,8855454.147
1255,8856400.245
1256,8857346.472
1257,8858292.827
1258,8859239.312
1259,8860185.926
1260,8861132.669
1261,8862079.54
1262,8863026.541
1263,8863973.671
1264,8864920.929
1265,8865868.317
1266,8866815.833
1267,8867763.479
1268,8868711.254
1269,8869659.157
1270,8870607.189
1271,8871555.351
1272,8872503.641
1273,8873452.061
1274,8874400.609
1275,8875349.286
1276,8876298.093
1277,8877247.028
1278,8878196.092
1279,8879145.285
1280,8880094.608
1281,8881044.059
1282,8881993.639
1283,8882943.348
1284,8883893.186
1285,8884843.153
1286,8885793.249
1287,8886743.474
1288,8887693.828
1289,8888644.311
1290,8889594.923
1291,8890545.664
1292,8891496.534
1293,8892447.533
1294,8893398.661
1295,8894349.917
1296,8895301.303
1297,8896252.818
1298,8897204.462
1299,8898156.234
1300,8899108.136
1301,8900060.167
1302,8901012.326
1303,8901964.615
1304,8902917.032
1305,8903869.579
1306,8904822.254
1307,8905775.059
1308,8906727.992
1309,8907681.055
1310,8908634.246
1311,8909587.566
1312,8910541.016
1313,8911494.594
1314,8912448.301
1315,8913402.138
1316,8914356.103
1317,8915310.197
1318,8916264.42
1319,8917218.773
1320,8918173.254
1321,8919127.864
1322,8920082.603
1323,8921037.471
1324,8921992.468
1325,8922947.594
1326,8923902.849
1327,8924858.233
1328,8925813.746
1329,8926769.388
1330,8927725.159
1331,8928681.145
1332,8929640.43
1333,8930599.912
1334,8931559.592
1335,8932519.47
1336,8933479.545
1337,8934439.818
1338,8935400.289
1339,8936360.957
1340,8937321.822
1341,8938282.885
1342,8939244.146
1343,8940205.604
1344,8941167.26
1345,8942129.114
1346,8943091.165
1347,8944053.413
1348,8945015.859
1349,8945978.503
1350,8946941.344
1351,8947904.383
1352,8948867.62
1353,8949831.054
1354,8950794.685
1355,8951758.515
1356,8952722.541
1357,8953686.766
1358,8954651.188
1359,8955615.807
1360,8956580.624
1361,8957545.639
1362,8958510.851
1363,8959476.261
1364,8960441.868
1365,8961407.673
1366,8962373.676
1367,8963339.876
1368,8964306.273
1369,8965272.869
1370,8966239.661
1371,8967206.652
1372,8968173.84
1373,8969141.225
1374,8970108.808
1375,8971076.589
1376,8972044.567
1377,8973012.743
1378,8973981.117
1379,8974949.688
1380,8975918.456
1381,8976887.422
1382,8977856.586
1383,8978825.947
1384,8979795.506
1385,8980765.263
1386,8981735.217
1387,8982705.368
1388,8983675.717
1389,8984646.264
1390,8985617.008
1391,8986587.95
1392,8987559.09
1393,8988530.427
1394,8989501.961
1395,8990473.694
1396,8991445.623
1397,8992417.751
1398,8993390.076
1399,8994362.598
1400,8995335.318
1401,8996308.236
1402,8997281.351
1403,8998254.664
1404,8999228.174
1405,9000201.882
1406,9001175.788
1407,9002149.891
1408,9003124.191
1409,9004098.69
1410,9005073.386
1411,9006048.279
1412,9007023.37
1413,9007998.658
1414,9008974.145
1415,9009949.828
1416,9010925.71
1417,9011901.788
1418,9012878.065
1419,9013854.539
1420,9014831.21
1421,9015808.08
1422,9016785.146
1423,9017762.411
1424,9018739.872
1425,9019717.657
1426,9020696.351
1427,9021675.26
1428,9022654.384
1429,9023633.724
1430,9024613.278
1431,9025593.048
1432,9026573.033
1433,9027553.233
1434,9028533.648
1435,9029514.278
1436,9030495.123
1437,9031476.184
1438,9032457.46
1439,9033438.951
1440,9034420.657
1441,9035402.578
1442,9036384.714
1443,9037367.066
1444,9038349.633
1445,9039332.414
1446,9040315.412
1447,9041298.624
1448,9042282.051
1449,9043265.694
1450,9044249.551
1451,9045233.624
1452,9046217.912
1453,9047202.415
1454,9048187.133
1455,9049172.067
1456,9050157.216
1457,9051142.579
1458,9052128.158
1459,9053113.952
1460,9054099.962
1461,9055086.186
1462,9056072.626
1463,9057059.28
1464,9058046.15
1465,9059033.235
1466,9060020.536
1467,9061008.051
1468,9061995.781
1469,9062983.727
1470,9063971.888
1471,9064960.264
1472,9065948.855
1473,9066937.662
1474,9067926.683
1475,9068915.92
1476,9069905.371
1477,9070895.038
1478,9071884.921
1479,9072875.018
1480,9073865.33
1481,9074855.858
1482,9075846.601
1483,9076837.559
1484,9077828.732
1485,9078820.12
1486,9079811.723
1487,9080803.542
1488,9081795.576
1489,9082787.824
1490,9083780.289
1491,9084772.968
1492,9085765.862
1493,9086758.972
1494,9087752.296
1495,9088745.836
1496,9089739.591
1497,9090733.561
1498,9091727.747
1499,9092722.147
1500,9093716.763
1501,9094711.593
1502,9095706.639
1503,9096701.901
1504,9097697.377
1505,9098693.068
1506,9099688.975
1507,9100685.097
1508,9101681.433
1509,9102677.986
1510,9103674.753
1511,9104671.735
1512,9105668.933
1513,9106666.345
1514,9107663.973
1515,9108661.816
1516,9109659.874
1517,9110658.148
1518,9111656.636
1519,9112655.475
1520,9113654.883
1521,9114654.513
1522,9115654.363
1523,9116654.435
1524,9117654.727
1525,9118655.24
1526,9119655.974
1527,9120656.928
1528,9121658.104
1529,9122659.501
1530,9123661.118
1531,9124662.956
1532,9125665.015
1533,9126667.295
1534,9127669.796
1535,9128672.518
1536,9129675.46
1537,9130678.624
1538,9131682.008
1539,9132685.613
1540,9133689.439
1541,9134693.486
1542,9135697.754
1543,9136702.242
1544,9137706.952
1545,9138711.882
1546,9139717.033
1547,9140722.405
1548,9141727.998
1549,9142733.812
1550,9143739.846
1551,9144746.102
1552,9145752.578
1553,9146759.275
1554,9147766.194
1555,9148773.332
1556,9149780.692
1557,9150788.273
1558,9151796.075
1559,9152804.097
1560,9153812.34
1561,9154820.804
1562,9155829.489
1563,9156838.395
1564,9157847.522
1565,9158856.87
1566,9159866.438
1567,9160876.227
1568,9161886.237
1569,9162896.469
1570,9163906.92
1571,9164917.593
1572,9165928.487
1573,9166939.601
1574,9167950.937
1575,9168962.493
1576,9169974.27
1577,9170986.268
1578,9171998.487
1579,9173010.927
1580,9174023.587
1581,9175036.468
1582,9176049.571
1583,9177062.894
1584,9178076.438
1585,9179090.203
1586,9180104.189
1587,9181118.395
1588,9182132.823
1589,9183147.471
1590,9184162.34
1591,9185177.43
1592,9186192.741
1593,9187208.273
1594,9188224.025
1595,9189239.999
1596,9190256.193
1597,9191272.609
1598,9192289.245
1599,9193306.102
1600,9194323.18
1601,9195340.478
1602,9196357.998
1603,9197375.738
1604,9198393.699
1605,9199411.882
1606,9200430.285
1607,9201448.909
1608,9202467.753
1609,9203486.819
1610,9204506.105
1611,9205525.613
1612,9206545.341
1613,9207565.29
1614,9208585.46
1615,9209605.851
1616,9210626.462
1617,9211647.295
1618,9212668.348
1619,9213689.622
1620,9214711.118
1621,9215732.834
1622,9216754.77
1623,9217776.928
1624,9218799.307
1625,9219821.906
1626,9220844.726
1627,9221867.768
1628,9222891.03
1629,9223914.512
1630,9224938.216
1631,9225962.141
1632,9226986.286
1633,9228010.653
1634,9229035.24
1635,9230060.048
1636,9231085.077
1637,9232110.327
1638,9233135.797
1639,9234161.489
1640,9235187.401
1641,9236213.534
1642,9237239.889
1643,9238266.464
1644,9239293.259
1645,9240320.276
1646,9241347.514
1647,9242374.972
1648,9243402.651
1649,9244430.552
1650,9245458.673
1651,9246487.014
1652,9247515.577
1653,9248544.361
1654,9249573.365
1655,9250602.591
1656,9251632.037
1657,9252661.704
1658,9253691.592
1659,9254721.701
1660,9255752.03
1661,9256782.581
1662,9257813.352
1663,9258844.345
1664,9259875.558
1665,9260906.992
1666,9261938.647
1667,9262970.522
1668,9264002.619
1669,9265034.936
1670,9266067.475
1671,9267100.234
1672,9268133.214
1673,9269166.415
1674,9270199.836
1675,9271233.479
1676,9272267.343
1677,9273301.427
1678,9274335.732
1679,9275370.258
1680,9276405.005
1681,9277439.973
1682,9278475.162
1683,9279510.571
1684,9280546.202
1685,9281582.053
1686,9282618.125
1687,9283654.418
1688,9284690.932
1689,9285727.715
1690,9286765.295
1691,9287803.107
1692,9288841.152
1693,9289879.428
1694,9290917.937
1695,9291956.678
1696,9292995.652
1697,9294034.857
1698,9295074.295
1699,9296113.964
1700,9297153.867
1701,9298194.001
1702,9299234.367
1703,9300274.966
1704,9301315.797
1705,9302356.86
1706,9303398.155
1707,9304439.682
1708,9305481.442
1709,9306523.434
1710,9307565.658
1711,9308608.114
1712,9309650.802
1713,9310693.723
1714,9311736.876
1715,9312780.26
1716,9313823.878
1717,9314867.727
1718,9315911.809
1719,9316956.122
1720,9318000.668
1721,9319045.446
1722,9320090.457
1723,9321135.699
1724,9322181.174
1725,9323226.881
1726,9324272.82
1727,9325318.991
1728,9326365.395
1729,9327412.03
1730,9328458.898
1731,9329505.998
1732,9330553.331
1733,9331600.895
1734,9332648.692
1735,9333696.72
1736,9334744.982
1737,9335793.475
1738,9336842.2
1739,9337891.158
1740,9338940.348
1741,9339989.77
1742,9341039.424
1743,9342089.31
1744,9343139.429
1745,9344189.78
1746,9345240.363
1747,9346291.178
1748,9347342.225
1749,9348393.505
1750,9349445.017
1751,9350496.761
1752,9351548.737
1753,9352600.945
1754,9353653.386
1755,9354706.058
1756,9355758.963
1757,9356812.1
1758,9357865.47
1759,9358919.071
1760,9359972.905
1761,9361026.971
1762,9362081.269
1763,9363135.799
1764,9364190.562
1765,9365245.556
1766,9366300.783
1767,9367356.242
1768,9368411.934
1769,9369467.857
1770,9370524.013
1771,9371580.401
1772,9372637.021
1773,9373693.873
1774,9374750.957
1775,9375808.274
1776,9376865.823
1777,9377923.604
1778,9378981.617
1779,9380039.862
1780,9381098.34
1781,9382157.05
1782,9383215.992
1783,9384275.166
1784,9385334.572
1785,9386394.211
1786,9387454.082
1787,9388514.185
1788,9389574.52
1789,9390635.087
1790,9391695.887
1791,9392756.919
1792,9393818.183
1793,9394879.679
1794,9395941.407
1795,9397003.368
1796,9398065.56
1797,9399127.985
1798,9400190.642
1799,9401254.025
1800,9402317.678
1801,9403381.331
1802,9404446.289
1803,9405515.755
1804,9406585.222
1805,9407654.688
1806,9408724.154
1807,9409793.62
1808,9410863.087
1809,9411932.553
1810,9413002.019
1811,9414071.485
1812,9415140.952
1813,9416210.418
1814,9417279.884
1815,9418349.35
1816,9419418.817
1817,9420488.283
1818,9421557.749
1819,9422627.215
1820,9423696.682
1821,9424766.148
1822,9425835.614
1823,9426905.081
1824,9427974.547
1825,9429044.013
1826,9430113.479
1827,9431182.946
1828,9432252.412
1829,9433321.878
1830,9434391.344
1831,9435460.811
1832,9436530.277
1833,9437599.743
1834,9438669.209
1835,9439738.676
1836,9440808.142
1837,9441884.193
1838,9442961.11
1839,9444038.185
1840,9445115.418
1841,9446192.809
1842,9447270.358
1843,9448348.065
1844,9449425.93
1845,9450503.953
1846,9451582.133
1847,9452660.471
1848,9453738.968
1849,9454817.622
1850,9455896.434
1851,9456975.404
1852,9458054.532
1853,9459133.818
1854,9460213.262
1855,9461292.863
1856,9462372.623
1857,9463452.54
1858,9464532.616
1859,9465612.849
1860,9466693.24
1861,9467773.789
1862,9468854.496
1863,9469935.361
1864,9471016.383
1865,9472097.564
1866,9473178.903
1867,9474260.399
1868,9475342.053
1869,9476423.866
1870,9477505.836
1871,9478587.964
1872,9479670.25
1873,9480752.693
1874,9481835.295
1875,9482918.055
1876,9484000.972
1877,9485084.048
1878,9486167.281
1879,9487250.672
1880,9488334.221
1881,9489417.928
1882,9490501.793
1883,9491585.816
1884,9492669.997
1885,9493754.336
1886,9494838.832
1887,9495923.487
1888,9497008.299
1889,9498093.269
1890,9499178.397
1891,9500263.683
1892,9501349.127
1893,9502434.729
1894,9503520.489
1895,9504606.406
1896,9505692.482
1897,9506778.715
1898,9507865.107
1899,9508951.656
1900,9510038.363
1901,9511125.228
1902,9512212.251
1903,9513299.432
1904,9514386.771
1905,9515474.267
1906,9516561.922
1907,9517649.734
1908,9518737.705
1909,9519825.833
1910,9520914.119
1911,9522002.563
1912,9523091.165
1913,9524179.925
1914,9525268.843
1915,9526357.918
1916,9527447.152
1917,9528536.543
1918,9529626.093
1919,9530715.8
1920,9531805.665
1921,9532895.688
1922,9533985.869
1923,9535076.208
1924,9536166.705
1925,9537257.359
1926,9538348.172
1927,9539439.142
1928,9540531.521
1929,9541626.663
1930,9542722.045
1931,9543817.668
1932,9544913.532
1933,9546009.637
1934,9547105.981
1935,9548202.567
1936,9549299.393
1937,9550396.46
1938,9551493.767
1939,9552591.315
1940,9553689.104
1941,9554787.133
1942,9555885.403
1943,9556983.914
1944,9558082.665
1945,9559181.656
1946,9560280.889
1947,9561380.361
1948,9562480.075
1949,9563580.029
1950,9564680.224
1951,9565780.659
1952,9566881.335
1953,9567982.252
1954,9569083.409
1955,9570184.807
1956,9571286.445
1957,9572388.324
1958,9573490.444
1959,9574592.804
1960,9575695.405
1961,9576798.246
1962,9577901.328
1963,9579004.651
1964,9580108.214
1965,9581212.018
1966,9582316.063
1967,9583420.348
1968,9584524.874
1969,9585629.64
1970,9586734.647
1971,9587839.895
1972,9588945.383
1973,9590051.112
1974,9591157.081
1975,9592263.291
1976,9593369.742
1977,9594476.433
1978,9595583.365
1979,9596690.537
1980,9597797.951
1981,9598905.604
1982,9600013.499
1983,9601121.634
1984,9602230.009
1985,9603338.625
1986,9604447.482
1987,9605556.579
1988,9606665.917
1989,9607775.496
1990,9608885.315
1991,9609995.375
1992,9611105.676
1993,9612216.217
1994,9613326.998
1995,9614438.021
1996,9615549.283
1997,9616660.787
1998,9617772.531
1999,9618884.516
2000,9619996.741
2001,9621109.207
2002,9622221.914
2003,9623334.861
2004,9624448.049
2005,9625561.477
2006,9626675.146
2007,9627789.056
2008,9628903.206
2009,9630017.597
2010,9631132.228
2011,9632247.1
2012,9633362.213
2013,9634477.566
2014,9635593.16
2015,9636708.995
2016,9637825.07
2017,9638941.385
2018,9640057.942
2019,9641174.739
2020,9642292.546
2021,9643410.861
2022,9644529.439
2023,9645648.279
2024,9646767.383
2025,9647886.748
2026,9649006.377
2027,9650126.268
2028,9651246.422
2029,9652366.838
2030,9653487.518
2031,9654608.459
2032,9655729.664
2033,9656851.131
2034,9657972.861
2035,9659094.853
2036,9660217.108
2037,9661339.626
2038,9662462.406
2039,9663585.449
2040,9664708.755
2041,9665832.323
2042,9666956.154
2043,9668080.248
2044,9669204.604
2045,9670329.223
2046,9671454.105
2047,9672579.249
2048,9673704.656
2049,9674830.326
2050,9675956.258
2051,9677082.453
2052,9678208.911
2053,9679335.631
2054,9680462.614
2055,9681589.859
2056,9682717.367
2057,9683845.138
2058,9684973.172
2059,9686101.468
2060,9687230.027
2061,9688358.848
2062,9689487.932
2063,9690617.279
2064,9691746.889
2065,9692876.761
2066,9694006.896
2067,9695137.293
2068,9696267.953
2069,9697398.876
2070,9698530.061
2071,9699661.509
2072,9700793.22
2073,9701925.193
2074,9703057.429
2075,9704189.928
2076,9705322.689
2077,9706455.713
2078,9707589
2079,9708722.549
2080,9709856.361
2081,9710990.436
2082,9712124.773
2083,9713259.373
2084,9714394.236
2085,9715529.361
2086,9716664.749
2087,9717800.399
2088,9718936.313
2089,9720072.488
2090,9721208.927
2091,9722345.628
2092,9723482.592
2093,9724619.818
2094,9725757.308
2095,9726895.059
2096,9728033.074
2097,9729171.351
2098,9730309.891
2099,9731448.693
2100,9732587.758
2101,9733727.086
2102,9734866.676
2103,9736006.529
2104,9737146.645
2105,9738287.024
2106,9739427.665
2107,9740568.568
2108,9741709.735
2109,9742851.164
2110,9743992.855
2111,9745134.915
2112,9746277.71
2113,9747420.776
2114,9748564.111
2115,9749707.717
2116,9750851.592
2117,9751995.738
2118,9753140.154
2119,9754284.84
2120,9755429.796
2121,9756575.022
2122,9757720.519
2123,9758866.285
2124,9760012.321
2125,9761158.628
2126,9762305.204
2127,9763452.051
2128,9764599.168
2129,9765746.555
2130,9766894.212
2131,9768042.139
2132,9769190.336
2133,9770338.803
2134,9771487.54
2135,9772636.547
2136,9773785.825
2137,9774935.372
2138,9776085.19
2139,9777235.278
2140,9778385.636
2141,9779536.263
2142,9780687.161
2143,9781838.33
2144,9782989.768
2145,9784141.476
2146,9785293.454
2147,9786445.703
2148,9787598.221
2149,9788751.01
2150,9789904.068
2151,9791057.397
2152,9792210.996
2153,9793364.865
2154,9794519.004
2155,9795673.413
2156,9796828.092
2157,9797983.042
2158,9799138.261
2159,9800293.75
2160,9801449.51
2161,9802605.539
2162,9803761.839
2163,9804918.409
2164,9806075.249
2165,9807232.359
2166,9808389.739
2167,9809547.389
2168,9810705.309
2169,9811863.5
2170,9813021.96
2171,9814180.691
2172,9815339.691
2173,9816498.962
2174,9817658.503
2175,9818818.313
2176,9819978.394
2177,9821138.745
2178,9822299.366
2179,9823460.258
2180,9824621.419
2181,9825782.85
2182,9826944.552
2183,9828106.523
2184,9829268.765
2185,9830431.277
2186,9831594.058
2187,9832757.11
2188,9833920.432
2189,9835084.024
2190,9836247.887
2191,9837412.019
2192,9838576.421
2193,9839741.094
2194,9840906.036
2195,9842071.249
2196,9843236.731
2197,9844402.484
2198,9845568.507
2199,9846734.8
2200,9847901.363
2201,9849068.196
2202,9850235.299
2203,9851402.672
2204,9852570.316
2205,9853738.229
2206,9854906.413
2207,9856074.866
2208,9857243.59
2209,9858412.584
2210,9859581.848
2211,9860751.382
2212,9861921.186
2213,9863091.26
2214,9864261.604
2215,9865432.219
2216,9866603.103
2217,9867774.258
2218,9868945.682
2219,9870117.377
2220,9871289.342
2221,9872461.576
2222,9873634.081
2223,9874806.856
2224,9875979.901
2225,9877153.217
2226,9878326.802
2227,9879500.657
2228,9880674.783
2229,9881849.178
2230,9883023.844
2231,9884198.78
2232,9885373.985
2233,9886549.461
2234,9887725.207
2235,9888901.223
2236,9890077.51
2237,9891254.066
2238,9892430.892
2239,9893607.989
2240,9894785.355
2241,9895962.992
2242,9897140.898
2243,9898319.075
2244,9899497.522
2245,9900676.239
2246,9901855.226
2247,9903034.483
2248,9904214.01
2249,9905393.807
2250,9906573.875
2251,9907754.212
2252,9908934.82
2253,9910115.697
2254,9911296.845
2255,9912478.263
2256,9913659.951
2257,9914841.909
2258,9916024.137
2259,9917206.635
2260,9918389.403
2261,9919572.442
2262,9920755.75
2263,9921939.329
2264,9923123.177
2265,9924307.296
2266,9925492.327
2267,9926677.737
2268,9927863.428
2269,9929049.401
2270,9930235.655
2271,9931422.19
2272,9932609.006
2273,9933796.103
2274,9934983.482
2275,9936171.142
2276,9937359.084
2277,9938547.306
2278,9939735.81
2279,9940924.595
2280,9942113.661
2281,9943303.009
2282,9944492.637
2283,9945682.547
2284,9946872.739
2285,9948063.211
2286,9949253.965
2287,9950445
2288,9951636.316
2289,9952827.914
2290,9954019.792
2291,9955211.952
2292,9956404.394
2293,9957597.116
2294,9958790.12
2295,9959983.405
2296,9961176.971
2297,9962370.819
2298,9963564.947
2299,9964759.357
2300,9965954.048
2301,9967149.021
2302,9968344.275
2303,9969539.81
2304,9970735.626
2305,9971931.723
2306,9973128.102
2307,9974324.762
2308,9975521.703
2309,9976718.926
2310,9977916.429
2311,9979114.214
2312,9980312.281
2313,9981510.628
2314,9982709.257
2315,9983908.167
2316,9985107.358
2317,9986306.83
2318,9987506.584
2319,9988706.619
2320,9989906.935
2321,9991107.533
2322,9992308.411
2323,9993509.571
2324,9994711.013
2325,9995912.735
2326,9997114.739
2327,9998317.024
2328,9999519.59
2329,10000722.44
2330,10001925.57
2331,10003128.98
2332,10004332.67
2333,10005536.64
2334,10006740.89
2335,10007945.43
2336,10009150.24
2337,10010355.34
2338,10011560.72
2339,10012766.38
2340,10013972.32
2341,10015178.54
2342,10016385.05
2343,10017591.83
2344,10018798.9
2345,10020006.25
2346,10021213.87
2347,10022421.78
2348,10023629.98
2349,10024838.45
2350,10026047.2
2351,10027256.24
2352,10028465.55
2353,10029675.15
2354,10030885.03
2355,10032095.19
2356,10033305.63
2357,10034516.35
2358,10035727.36
2359,10036938.64
2360,10038150.21
2361,10039362.05
2362,10040574.18
2363,10041786.59
2364,10042999.28
2365,10044212.26
2366,10045425.51
2367,10046639.05
2368,10047852.86
2369,10049066.96
2370,10050281.34
2371,10051496
2372,10052710.94
2373,10053926.16
2374,10055141.66
2375,10056357.45
2376,10057573.52
2377,10058789.86
2378,10060006.49
2379,10061223.4
2380,10062440.59
2381,10063658.06
2382,10064875.82
2383,10066093.85
2384,10067312.17
2385,10068530.77
2386,10069749.65
2387,10070968.8
2388,10072188.25
2389,10073407.97
2390,10074627.97
2391,10075848.26
2392,10077068.82
2393,10078289.67
2394,10079510.8
2395,10080732.21
2396,10081953.9
2397,10083175.87
2398,10084402.53
2399,10085628.42
2400,10086854.3
2401,10088081.06
2402,10089310.84
2403,10090540.62
2404,10091770.4
2405,10093000.18
2406,10094229.96
2407,10095459.74
2408,10096689.52
2409,10097919.3
2410,10099149.08
2411,10100378.86
2412,10101608.64
2413,10102838.43
2414,10104068.21
2415,10105297.99
2416,10106527.77
2417,10107757.55
2418,10108987.33
2419,10110217.11
2420,10111446.89
2421,10112676.67
2422,10113906.45
2423,10115136.23
2424,10116366.01
2425,10117595.79
2426,10118825.57
2427,10120060.9
2428,10121300.97
2429,10122541.04
2430,10123781.11
2431,10125021.18
2432,10126261.25
2433,10127501.32
2434,10128741.39
2435,10129981.46
2436,10131221.53
2437,10132461.6
2438,10133701.67
2439,10134941.74
2440,10136181.82
2441,10137421.89
2442,10138661.96
2443,10139902.03
2444,10141142.1
2445,10142382.17
2446,10143622.24
2447,10144862.31
2448,10146102.38
2449,10147342.45
2450,10148582.52
2451,10149822.59
2452,10151062.66
2453,10152302.73
2454,10153542.8
2455,10154782.88
2456,10156022.95
2457,10157263.02
2458,10158503.09
2459,10159743.16
2460,10160983.23
2461,10162223.3
2462,10163463.37
2463,10164703.44
2464,10165943.51
2465,10167183.58
2466,10168423.65
2467,10169663.72
2468,10170903.79
2469,10172143.87
2470,10173383.94
2471,10174626.88
2472,10175879.54
2473,10177132.2
2474,10178384.85
2475,10179637.51
2476,10180890.17
2477,10182142.83
2478,10183395.48
2479,10184648.14
2480,10185900.8
2481,10187153.46
2482,10188406.11
2483,10189658.77
2484,10190911.43
2485,10192164.09
2486,10193416.74
2487,10194669.4
2488,10195922.06
2489,10197174.72
2490,10198427.37
2491,10199680.03
2492,10200932.69
2493,10202185.35
2494,10203438
2495,10204690.66
2496,10205943.32
2497,10207195.98
2498,10208448.63
2499,10209701.29
2500,10210953.95
2501,10212206.61
2502,10213459.26
2503,10214711.92
2504,10215964.58
2505,10217217.24
2506,10218469.89
2507,10219722.55
2508,10220975.21
2509,10222227.87
2510,10223480.52
2511,10224733.18
2512,10225985.84
2513,10227238.5
2514,10228491.15
2515,10229743.81
2516,10231006.67
2517,10232270.66
2518,10233534.86
2519,10234799.27
2520,10236063.91
2521,10237328.76
2522,10238593.82
2523,10239859.11
2524,10241124.61
2525,10242390.32
2526,10243656.26
2527,10244922.41
2528,10246188.77
2529,10247455.35
2530,10248722.15
2531,10249989.17
2532,10251256.4
2533,10252523.85
2534,10253791.52
2535,10255059.4
2536,10256327.5
2537,10257595.81
2538,10258864.34
2539,10260133.09
2540,10261402.05
2541,10262671.23
2542,10263940.63
2543,10265210.25
2544,10266480.08
2545,10267750.12
2546,10269020.39
2547,10270290.87
2548,10271561.56
2549,10272832.48
2550,10274103.61
2551,10275374.95
2552,10276646.52
2553,10277918.3
2554,10279190.29
2555,10280462.5
2556,10281734.93
2557,10283007.58
2558,10284280.44
2559,10285553.52
2560,10286826.81
2561,10288100.33
2562,10289374.05
2563,10290648
2564,10291922.16
2565,10293196.54
2566,10294471.13
2567,10295745.94
2568,10297020.97
2569,10298296.21
2570,10299571.67
2571,10300847.35
2572,10302123.24
2573,10303399.35
2574,10304675.68
2575,10305952.22
2576,10307228.98
2577,10308505.96
2578,10309783.15
2579,10311060.56
2580,10312338.19
2581,10313616.03
2582,10314894.09
2583,10316172.36
2584,10317450.86
2585,10318729.57
2586,10320008.49
2587,10321287.63
2588,10322566.99
2589,10323846.56
2590,10325126.36
2591,10326406.36
2592,10327686.59
2593,10328967.03
2594,10330247.69
2595,10331528.56
2596,10332809.65
2597,10334090.96
2598,10335372.48
2599,10336654.22
2600,10337936.18
2601,10339218.35
2602,10340500.74
2603,10341783.35
2604,10343066.17
2605,10344349.21
2606,10345632.46
2607,10346915.94
2608,10348199.62
2609,10349483.53
2610,10350767.65
2611,10352051.99
2612,10353336.55
2613,10354621.32
2614,10355906.31
2615,10357191.51
2616,10358476.93
2617,10359763.25
2618,10361054.07
2619,10362345.21
2620,10363636.66
2621,10364928.42
2622,10366220.5
2623,10367512.89
2624,10368805.59
2625,10370098.61
2626,10371391.93
2627,10372685.58
2628,10373979.53
2629,10375273.8
2630,10376568.38
2631,10377863.27
2632,10379158.48
2633,10380454
2634,10381749.83
2635,10383045.98
2636,10384342.43
2637,10385639.2
2638,10386936.29
2639,10388233.69
2640,10389531.4
2641,10390829.42
2642,10392127.76
2643,10393426.41
2644,10394725.37
2645,10396024.64
2646,10397324.23
2647,10398624.13
2648,10399924.35
2649,10401224.88
2650,10402525.72
2651,10403826.87
2652,10405128.34
2653,10406430.12
2654,10407732.21
2655,10409034.61
2656,10410337.33
2657,10411640.36
2658,10412943.71
2659,10414247.36
2660,10415551.33
2661,10416855.62
2662,10418160.21
2663,10419465.12
2664,10420770.35
2665,10422075.88
2666,10423381.73
2667,10424687.89
2668,10425994.36
2669,10427301.15
2670,10428608.25
2671,10429915.67
2672,10431223.39
2673,10432531.43
2674,10433839.78
2675,10435148.45
2676,10436457.43
2677,10437766.72
2678,10439076.32
2679,10440386.24
2680,10441696.47
2681,10443007.01
2682,10444317.87
2683,10445629.04
2684,10446940.52
2685,10448252.32
2686,10449564.42
2687,10450876.85
2688,10452189.58
2689,10453502.63
2690,10454815.99
2691,10456129.66
2692,10457443.65
2693,10458757.95
2694,10460072.56
2695,10461387.48
2696,10462702.72
2697,10464018.27
2698,10465334.14
2699,10466650.31
2700,10467966.8
2701,10469283.61
2702,10470600.72
2703,10471918.15
2704,10473235.89
2705,10474553.95
2706,10475872.32
2707,10477191
2708,10478509.99
2709,10479829.3
2710,10481148.92
2711,10482468.85
2712,10483789.1
2713,10485109.66
2714,10486430.53
2715,10487751.71
2716,10489073.21
2717,10490395.02
2718,10491717.15
2719,10493040.07
2720,10494364.18
2721,10495688.64
2722,10497013.43
2723,10498338.56
2724,10499664.03
2725,10500989.85
2726,10502316
2727,10503642.49
2728,10504969.32
2729,10506296.49
2730,10507623.99
2731,10508951.84
2732,10510280.03
2733,10511608.56
2734,10512937.42
2735,10514266.63
2736,10515596.17
2737,10516926.06
2738,10518256.28
2739,10519586.84
2740,10520917.74
2741,10522248.99
2742,10523580.57
2743,10524912.49
2744,10526244.75
2745,10527577.35
2746,10528910.28
2747,10530243.56
2748,10531577.18
2749,10532911.14
2750,10534245.43
2751,10535580.07
2752,10536915.04
2753,10538250.36
2754,10539586.01
2755,10540922
2756,10542258.33
2757,10543595
2758,10544932.02
2759,10546269.37
2760,10547607.06
2761,10548945.08
2762,10550283.45
2763,10551622.16
2764,10552961.21
2765,10554300.59
2766,10555640.32
2767,10556980.38
2768,10558320.79
2769,10559661.53
2770,10561002.62
2771,10562344.04
2772,10563685.8
2773,10565027.9
2774,10566370.34
2775,10567713.12
2776,10569056.24
2777,10570399.7
2778,10571743.5
2779,10573087.64
2780,10574432.11
2781,10575776.93
2782,10577122.09
2783,10578467.58
2784,10579813.42
2785,10581159.59
2786,10582506.1
2787,10583852.95
2788,10585200.15
2789,10586547.68
2790,10587895.55
2791,10589243.76
2792,10590592.31
2793,10591941.2
2794,10593290.42
2795,10594639.99
2796,10595989.9
2797,10597340.15
2798,10598690.73
2799,10600041.66
2800,10601392.92
2801,10602744.52
2802,10604096.47
2803,10605448.75
2804,10606801.37
2805,10608154.33
2806,10609507.63
2807,10610861.27
2808,10612215.25
2809,10613569.57
2810,10614924.23
2811,10616279.23
2812,10617634.56
2813,10618990.24
2814,10620346.25
2815,10621702.61
2816,10623059.3
2817,10624416.34
2818,10625773.71
2819,10627131.42
2820,10628489.47
2821,10629848.18
2822,10631207.46
2823,10632567.08
2824,10633927.06
2825,10635287.39
2826,10636648.07
2827,10638009.1
2828,10639370.48
2829,10640732.21
2830,10642094.29
2831,10643456.71
2832,10644819.49
2833,10646182.62
2834,10647546.1
2835,10648909.93
2836,10650274.11
2837,10651638.63
2838,10653003.51
2839,10654368.74
2840,10655734.32
2841,10657100.25
2842,10658466.52
2843,10659833.15
2844,10661200.13
2845,10662567.46
2846,10663935.13
2847,10665303.16
2848,10666671.54
2849,10668040.27
2850,10669409.34
2851,10670778.77
2852,10672148.55
2853,10673518.67
2854,10674889.15
2855,10676259.98
2856,10677631.15
2857,10679002.68
2858,10680374.56
2859,10681746.78
2860,10683119.36
2861,10684492.29
2862,10685865.56
2863,10687239.19
2864,10688613.16
2865,10689987.49
2866,10691362.17
2867,10692737.19
2868,10694112.57
2869,10695488.29
2870,10696864.37
2871,10698240.8
2872,10699617.57
2873,10700994.7
2874,10702372.17
2875,10703750
2876,10705128.17
2877,10706506.7
2878,10707885.57
2879,10709264.8
2880,10710644.37
2881,10712024.3
2882,10713404.57
2883,10714785.2
2884,10716166.17
2885,10717547.5
2886,10718929.17
2887,10720311.19
2888,10721693.57
2889,10723076.29
2890,10724459.37
2891,10725842.79
2892,10727226.57
2893,10728610.69
2894,10729995.16
2895,10731379.99
2896,10732765.16
2897,10734150.69
2898,10735536.56
2899,10736922.78
2900,10738309.36
2901,10739696.28
2902,10741083.55
2903,10742471.18
2904,10743859.15
2905,10745247.47
2906,10746636.15
2907,10748025.17
2908,10749414.54
2909,10750804.26
2910,10752194.34
2911,10753584.76
2912,10754975.53
2913,10756366.66
2914,10757758.13
2915,10759149.95
2916,10760542.12
2917,10761934.64
2918,10763327.52
2919,10764720.74
2920,10766114.31
2921,10767508.23
2922,10768902.51
2923,10770297.41
2924,10771692.75
2925,10773088.44
2926,10774484.5
2927,10775880.91
2928,10777277.68
2929,10778674.82
2930,10780072.31
2931,10781470.16
2932,10782868.37
2933,10784266.95
2934,10785665.88
2935,10787065.17
2936,10788464.82
2937,10789864.82
2938,10791265.19
2939,10792665.92
2940,10794067.01
2941,10795468.45
2942,10796870.26
2943,10798272.43
2944,10799674.95
2945,10801077.84
2946,10802481.08
2947,10803884.68
2948,10805288.65
2949,10806692.97
2950,10808097.65
2951,10809502.69
2952,10810908.09
2953,10812313.85
2954,10813719.97
2955,10815126.45
2956,10816533.29
2957,10817940.49
2958,10819348.05
2959,10820755.96
2960,10822164.24
2961,10823572.88
2962,10824981.87
2963,10826391.23
2964,10827800.94
2965,10829211.01
2966,10830621.45
2967,10832032.24
2968,10833443.39
2969,10834854.9
2970,10836266.78
2971,10837679.01
2972,10839091.6
2973,10840504.55
2974,10841917.85
2975,10843331.52
2976,10844745.55
2977,10846159.94
2978,10847574.68
2979,10848989.79
2980,10850405.26
2981,10851821.08
2982,10853237.27
2983,10854653.81
2984,10856070.71
2985,10857487.98
2986,10858905.6
2987,10860323.58
2988,10861741.92
2989,10863160.62
2990,10864579.68
2991,10865999.1
2992,10867418.88
2993,10868839.02
2994,10870259.52
2995,10871680.38
2996,10873101.59
2997,10874526.25
2998,10875950.63
2999,10877375.02
3000,10878801.15
3001,10880233.3
3002,10881665.44
3003,10883097.59
3004,10884529.74
3005,10885961.88
3006,10887394.03
3007,10888826.18
3008,10890258.32
3009,10891690.47
3010,10893122.61
3011,10894554.76
3012,10895986.91
3013,10897419.05
3014,10898851.2
3015,10900283.35
3016,10901715.49
3017,10903147.64
3018,10904579.79
3019,10906011.93
3020,10907444.08
3021,10908876.22
3022,10910308.37
3023,10911740.52
3024,10913172.66
3025,10914604.81
3026,10916036.96
3027,10917469.1
3028,10918901.25
3029,10920333.39
3030,10921765.54
3031,10923197.69
3032,10924629.83
3033,10926061.98
3034,10927497.61
3035,10928937.3
3036,10930377.27
3037,10931817.51
3038,10933258.02
3039,10934698.8
3040,10936139.85
3041,10937581.18
3042,10939022.78
3043,10940464.65
3044,10941906.79
3045,10943349.21
3046,10944791.89
3047,10946234.85
3048,10947678.08
3049,10949121.59
3050,10950565.36
3051,10952009.41
3052,10953453.73
3053,10954898.32
3054,10956343.18
3055,10957788.32
3056,10959233.72
3057,10960679.4
3058,10962125.35
3059,10963571.58
3060,10965018.07
3061,10966464.84
3062,10967911.88
3063,10969359.19
3064,10970806.77
3065,10972254.63
3066,10973702.76
3067,10975151.15
3068,10976599.83
3069,10978048.77
3070,10979497.99
3071,10980947.47
3072,10982397.23
3073,10983847.26
3074,10985297.57
3075,10986748.14
3076,10988198.99
3077,10989650.11
3078,10991101.5
3079,10992553.17
3080,10994005.1
3081,10995457.31
3082,10996909.79
3083,10998362.54
3084,10999815.57
3085,11001268.86
3086,11002722.43
3087,11004176.27
3088,11005632.56
3089,11007089.37
3090,11008546.54
3091,11010004.06
3092,11011461.95
3093,11012920.19
3094,11014378.79
3095,11015837.75
3096,11017297.07
3097,11018756.74
3098,11020216.78
3099,11021677.17
3100,11023137.92
3101,11024599.02
3102,11026060.49
3103,11027522.31
3104,11028984.49
3105,11030447.03
3106,11031909.93
3107,11033373.19
3108,11034836.8
3109,11036300.77
3110,11037765.1
3111,11039229.79
3112,11040694.84
3113,11042160.24
3114,11043626
3115,11045092.12
3116,11046558.6
3117,11048025.44
3118,11049492.63
3119,11050960.18
3120,11052428.09
3121,11053896.36
3122,11055364.99
3123,11056833.97
3124,11058303.32
3125,11059773.02
3126,11061243.08
3127,11062713.49
3128,11064184.27
3129,11065655.4
3130,11067126.89
3131,11068598.74
3132,11070070.95
3133,11071543.51
3134,11073016.44
3135,11074489.72
3136,11075963.36
3137,11077437.36
3138,11078911.71
3139,11080386.42
3140,11081861.5
3141,11083337.49
3142,11084814.78
3143,11086292.45
3144,11087770.53
3145,11089248.99
3146,11090727.85
3147,11092207.1
3148,11093686.75
3149,11095166.79
3150,11096647.23
3151,11098128.06
3152,11099609.28
3153,11101090.9
3154,11102572.91
3155,11104055.31
3156,11105538.11
3157,11107021.31
3158,11108504.89
3159,11109988.87
3160,11111473.25
3161,11112958.01
3162,11114443.18
3163,11115928.73
3164,11117414.68
3165,11118901.02
3166,11120387.76
3167,11121874.89
3168,11123362.42
3169,11124850.34
3170,11126338.65
3171,11127827.36
3172,11129316.46
3173,11130805.95
3174,11132295.84
3175,11133786.12
3176,11135276.8
3177,11136767.87
3178,11138259.33
3179,11139751.19
3180,11141243.44
3181,11142736.09
3182,11144229.13
3183,11145722.56
3184,11147216.39
3185,11148710.61
3186,11150205.22
3187,11151700.23
3188,11153195.63
3189,11154691.43
3190,11156187.62
3191,11157684.2
3192,11159181.18
3193,11160678.55
3194,11162176.32
3195,11163674.48
3196,11165173.03
3197,11166671.98
3198,11168171.32
3199,11169671.06
3200,11171171.18
3201,11172671.71
3202,11174172.62
3203,11175673.94
3204,11177175.64
3205,11178677.74
3206,11180180.23
3207,11181683.12
3208,11183186.4
3209,11184690.07
3210,11186194.14
3211,11187698.6
3212,11189203.46
3213,11190708.7
3214,11192214.35
3215,11193720.39
3216,11195226.82
3217,11196733.64
3218,11198240.86
3219,11199748.47
3220,11201256.48
3221,11202764.88
3222,11204273.67
3223,11205783.42
3224,11207293.99
3225,11208804.97
3226,11210316.36
3227,11211828.15
3228,11213340.36
3229,11214852.98
3230,11216366
3231,11217879.44
3232,11219393.28
3233,11220907.54
3234,11222422.2
3235,11223937.27
3236,11225452.75
3237,11226968.65
3238,11228484.95
3239,11230001.66
3240,11231518.78
3241,11233036.31
3242,11234554.24
3243,11236072.59
3244,11237591.35
3245,11239110.52
3246,11240630.09
3247,11242150.08
3248,11243670.47
3249,11245191.28
3250,11246712.49
3251,11248234.11
3252,11249756.15
3253,11251278.59
3254,11252801.44
3255,11254324.7
3256,11255848.37
3257,11257372.45
3258,11258896.94
3259,11260421.84
3260,11261947.14
3261,11263472.86
3262,11264998.99
3263,11266525.52
3264,11268052.47
3265,11269579.82
3266,11271107.59
3267,11272635.76
3268,11274164.34
3269,11275693.34
3270,11277222.74
3271,11278752.55
3272,11280282.77
3273,11281813.4
3274,11283344.44
3275,11284875.89
3276,11286407.74
3277,11287940.01
3278,11289472.69
3279,11291005.77
3280,11292539.27
3281,11294073.18
3282,11295607.49
3283,11297142.21
3284,11298677.35
3285,11300212.89
3286,11301748.84
3287,11303285.2
3288,11304821.97
3289,11306359.15
3290,11307896.74
3291,11309434.74
3292,11310973.15
3293,11312511.97
3294,11314051.19
3295,11315590.83
3296,11317130.88
3297,11318671.33
3298,11320212.2
3299,11321753.47
3300,11323295.15
3301,11324837.25
3302,11326379.75
3303,11327922.66
3304,11329465.98
3305,11331009.71
3306,11332553.85
3307,11334098.4
3308,11335643.36
3309,11337188.73
3310,11338734.51
3311,11340280.69
3312,11341827.29
3313,11343374.3
3314,11344921.71
3315,11346469.53
3316,11348017.77
3317,11349566.41
3318,11351115.46
3319,11352664.93
3320,11354214.8
3321,11355765.08
3322,11357315.77
3323,11358866.87
3324,11360418.38
3325,11361970.3
3326,11363522.62
3327,11365075.36
3328,11366628.51
3329,11368182.06
3330,11369736.03
3331,11371290.4
3332,11372845.19
3333,11374400.38
3334,11375955.98
3335,11377512
3336,11379068.42
3337,11380625.25
3338,11382182.49
3339,11383740.14
3340,11385298.2
3341,11386856.67
3342,11388415.55
3343,11389974.83
3344,11391534.53
3345,11393094.64
3346,11394655.15
3347,11396216.08
3348,11397778
3349,11399340.94
3350,11400904.31
3351,11402468.11
3352,11404032.33
3353,11405596.98
3354,11407162.06
3355,11408727.57
3356,11410293.51
3357,11411859.87
3358,11413426.67
3359,11414993.89
3360,11416561.54
3361,11418129.62
3362,11419698.12
3363,11421267.06
3364,11422836.42
3365,11424406.21
3366,11425976.43
3367,11427547.08
3368,11429118.16
3369,11430689.66
3370,11432261.59
3371,11433833.95
3372,11435406.74
3373,11436979.96
3374,11438553.6
3375,11440127.68
3376,11441702.18
3377,11443277.11
3378,11444852.46
3379,11446428.25
3380,11448004.46
3381,11449581.11
3382,11451158.18
3383,11452735.68
3384,11454313.6
3385,11455891.96
3386,11457470.74
3387,11459049.95
3388,11460629.59
3389,11462209.66
3390,11463790.16
3391,11465371.08
3392,11466952.44
3393,11468534.22
3394,11470116.43
3395,11471699.06
3396,11473282.13
3397,11474865.62
3398,11476449.55
3399,11478033.9
3400,11479618.68
3401,11481203.88
3402,11482789.52
3403,11484375.58
3404,11485962.07
3405,11487548.99
3406,11489136.34
3407,11490724.12
3408,11492312.32
3409,11493900.95
3410,11495490.01
3411,11497079.5
3412,11498669.42
3413,11500259.76
3414,11501850.54
3415,11503441.74
3416,11505033.37
3417,11506625.43
3418,11508217.91
3419,11509810.83
3420,11511404.17
3421,11512997.94
3422,11514592.14
3423,11516186.77
3424,11517781.83
3425,11519377.31
3426,11520973.22
3427,11522569.56
3428,11524166.33
3429,11525763.53
3430,11527361.15
3431,11528959.21
3432,11530557.69
3433,11532156.6
3434,11533755.94
3435,11535355.7
3436,11536955.9
3437,11538556.52
3438,11540157.57
3439,11541759.05
3440,11543360.96
3441,11544963.29
3442,11546566.05
3443,11548169.25
3444,11549772.87
3445,11551376.91
3446,11552981.39
3447,11554586.3
3448,11556191.63
3449,11557797.39
3450,11559403.58
3451,11561010.2
3452,11562617.24
3453,11564224.72
3454,11565832.62
3455,11567440.95
3456,11569049.71
3457,11570658.89
3458,11572268.51
3459,11573878.55
3460,11575489.02
3461,11577099.92
3462,11578711.25
3463,11580323.01
3464,11581935.19
3465,11583547.81
3466,11585160.85
3467,11586774.31
3468,11588388.21
3469,11590002.54
3470,11591617.29
3471,11593232.47
3472,11594848.08
3473,11596464.44
3474,11598081.65
3475,11599699.32
3476,11601317.43
3477,11602935.98
3478,11604554.99
3479,11606174.44
3480,11607794.33
3481,11609414.68
3482,11611035.47
3483,11612656.71
3484,11614278.4
3485,11615900.53
3486,11617523.11
3487,11619146.14
3488,11620769.62
3489,11622393.55
3490,11624017.92
3491,11625642.75
3492,11627268.02
3493,11628893.74
3494,11630519.92
3495,11632146.54
3496,11633773.61
3497,11635401.12
3498,11637029.09
3499,11638657.51
3500,11640286.38
3501,11641915.7
3502,11643545.47
3503,11645175.69
3504,11646806.36
3505,11648437.48
3506,11650069.05
3507,11651701.08
3508,11653333.55
3509,11654966.48
3510,11656599.85
3511,11658233.68
3512,11659867.96
3513,11661502.69
3514,11663137.88
3515,11664773.51
3516,11666409.6
3517,11668046.14
3518,11669683.14
3519,11671320.58
3520,11672958.48
3521,11674596.84
3522,11676235.64
3523,11677874.9
3524,11679514.61
3525,11681154.78
3526,11682795.4
3527,11684436.47
3528,11686078
3529,11687719.98
3530,11689362.42
3531,11691005.31
3532,11692648.66
3533,11694292.46
3534,11695936.72
3535,11697581.43
3536,11699226.59
3537,11700872.22
3538,11702518.29
3539,11704164.83
3540,11705811.82
3541,11707459.26
3542,11709107.16
3543,11710755.52
3544,11712404.33
3545,11714053.6
3546,11715703.33
3547,11717353.52
3548,11719004.16
3549,11720655.26
3550,11722306.81
3551,11723958.82
3552,11725611.3
3553,11727264.22
3554,11728917.61
3555,11730571.46
3556,11732225.76
3557,11733880.52
3558,11735535.74
3559,11737191.42
3560,11738847.56
3561,11740504.15
3562,11742161.21
3563,11743818.72
3564,11745476.7
3565,11747135.13
3566,11748794.03
3567,11750453.38
3568,11752113.19
3569,11753773.47
3570,11755434.2
3571,11757095.39
3572,11758757.05
3573,11760419.16
3574,11762081.74
3575,11763744.78
3576,11765408.28
3577,11767072.24
3578,11768736.66
3579,11770401.54
3580,11772066.89
3581,11773732.69
3582,11775398.96
3583,11777065.69
3584,11778732.89
3585,11780400.54
3586,11782068.66
3587,11783737.24
3588,11785406.29
3589,11787075.79
3590,11788745.77
3591,11790416.2
3592,11792087.1
3593,11793758.46
3594,11795430.28
3595,11797102.57
3596,11798783.08
3597,11800462.27
3598,11802141.46
3599,11803820.53
3600,11805499.23
3601,11807177.93
